{
    "data": {
        "2022-01-01": {
            "AED": 3.67306,
            "AFN": 91.80254,
            "ALL": 108.22904,
            "AMD": 480.41659
        }
    }
}
